{
  "ssim_list": {
    "DGEMM": [
      1.0,
      0.9999839697657196,
      0.9999431101152106,
      0.9998649866967583,
      0.9997099089688003,
      0.9993708463398331,
      0.9988703873202134
	],
    "K-Means": [
      1.0,
      0.9964167444942117,
      0.9908549470337986,
      0.9819164543866782,
      0.9628905623910795,
      0.9288649607169368,
      0.881559189491281
	],
    "LULESH": [
      1.0,
      0.9975742392275763,
      0.99361606445722,
      0.9871449050112455,
      0.9638442986706639,
      0.9199448943774039,
      0.871826292242415
	],
    "LRA": [
      1.0,
      0.9978814364653994,
      0.9839542504589609,
      0.9367699995629216,
      0.8106246776427604,
      0.5952608469108751,
      0.3651822661728744
	],
    "Fibonacci": [
      1.0,
      0.5854870343578646,
      0.44623739413230157,
      0.37646755344010685,
      0.41099854295494387,
      0.46253673045122384,
      0.4900790836886054
	],
    "Synthesized": [
      1.0,
      0.9969842787253038,
      0.9865049474756287,
      0.9662179523289292,
      0.9304120805400752,
      0.8810554657660316,
      0.8360454805645121
	]
  },
  "fetch_list": {
    "DGEMM": [
      203.4,
      205.6,
      207.5,
      199.6,
      196.6,
      211.5,
      180.9
    ],
    "K-Means": [
      3128.1,
      1783.0,
      1650.8,
      1287.6,
      1117.6,
      923.7,
      725.7
    ],
    "LULESH": [
      13456.4,
      15260.2,
      14796.5,
      14273.8,
      14125.1,
      9928.1,
      6827.4
    ],
    "LRA": [
      62379.1,
      61768.5,
      63394.7,
      58446.3,
      46416.1,
      37363.1,
      28577.5
    ],
    "Fibonacci": [
      79780.4,
      53687.4,
      34664.9,
      24884.3,
      16358.7,
      14151.0,
      9693.2
    ],
    "Synthesized": [
      224481.9,
      189428.0,
      166869.7,
      145851.1,
      122192.8,
      88514.9,
      62425.2
    ]
  }
}